{
  "hash": "1b4fd5fe",
  "configHash": "6172bbc9",
  "lockfileHash": "f90ba62b",
  "browserHash": "c232f0e6",
  "optimized": {
    "@angular/common": {
      "src": "../../../../../node_modules/@angular/common/fesm2022/common.mjs",
      "file": "@angular_common.js",
      "fileHash": "803ebf63",
      "needsInterop": false
    },
    "@angular/core": {
      "src": "../../../../../node_modules/@angular/core/fesm2022/core.mjs",
      "file": "@angular_core.js",
      "fileHash": "6a275052",
      "needsInterop": false
    },
    "@angular/forms": {
      "src": "../../../../../node_modules/@angular/forms/fesm2022/forms.mjs",
      "file": "@angular_forms.js",
      "fileHash": "b73b74b3",
      "needsInterop": false
    },
    "@angular/platform-browser": {
      "src": "../../../../../node_modules/@angular/platform-browser/fesm2022/platform-browser.mjs",
      "file": "@angular_platform-browser.js",
      "fileHash": "3de2d5b5",
      "needsInterop": false
    },
    "@angular/router": {
      "src": "../../../../../node_modules/@angular/router/fesm2022/router.mjs",
      "file": "@angular_router.js",
      "fileHash": "261dcda3",
      "needsInterop": false
    },
    "primeng/api": {
      "src": "../../../../../node_modules/primeng/fesm2022/primeng-api.mjs",
      "file": "primeng_api.js",
      "fileHash": "4bf95b8a",
      "needsInterop": false
    },
    "primeng/card": {
      "src": "../../../../../node_modules/primeng/fesm2022/primeng-card.mjs",
      "file": "primeng_card.js",
      "fileHash": "faf5c6ae",
      "needsInterop": false
    },
    "primeng/inputtext": {
      "src": "../../../../../node_modules/primeng/fesm2022/primeng-inputtext.mjs",
      "file": "primeng_inputtext.js",
      "fileHash": "692e34c2",
      "needsInterop": false
    },
    "primeng/slider": {
      "src": "../../../../../node_modules/primeng/fesm2022/primeng-slider.mjs",
      "file": "primeng_slider.js",
      "fileHash": "92a973d3",
      "needsInterop": false
    },
    "primeng/inputnumber": {
      "src": "../../../../../node_modules/primeng/fesm2022/primeng-inputnumber.mjs",
      "file": "primeng_inputnumber.js",
      "fileHash": "1f5739c3",
      "needsInterop": false
    }
  },
  "chunks": {
    "chunk-JEE4TCUD": {
      "file": "chunk-JEE4TCUD.js"
    },
    "chunk-3DCJAGPZ": {
      "file": "chunk-3DCJAGPZ.js"
    },
    "chunk-ATE3Z6RW": {
      "file": "chunk-ATE3Z6RW.js"
    },
    "chunk-PG2GRPK6": {
      "file": "chunk-PG2GRPK6.js"
    },
    "chunk-IBFTYWYR": {
      "file": "chunk-IBFTYWYR.js"
    },
    "chunk-C6P4HLFX": {
      "file": "chunk-C6P4HLFX.js"
    },
    "chunk-IIXUBVVP": {
      "file": "chunk-IIXUBVVP.js"
    }
  }
}